title,email,phone,address,review (from 5)
CYBERCLICK,Info@cyberclick.es,935088234,"LUGAR MOLL DE BARCELONA, S-N 2 08039 BARCELONA (BARCELONA)",4.5
ARTIDI,,933091554,"CARRER LLACUNA, 50 08005 BARCELONA (BARCELONA)",4.5
ESIC BILBAO - CAMARA BILBAO,,944702486,"ALAMEDA DE RECALDE, 50, 48008 BILBO (VIZCAYA)",4.5
ESIC EXECUTIVE,,917444040,"CALLE DE ARTURO SORIA, 161 28043 MADRID (MADRID)",4.5
ESIC SEVILLA,,954460003,"AVENIDA CARLOS III, S/N, ISLA DE LA CARTUJA, 41092 SEVILLA (SEVILLA)",4.5
ECOMMASTER,Info@ecommaster.es,966651891,ALICANTE (),4.5
MAÏDER TOMESANA,Info@maidertomasena.com,,PLENTZIA (),4.5
ESDEN MADRID,,902455655,"PONZANO, 87 28003 MADRID (MADRID)",4.5
IM,Info@internacionaldemarketing.com,931593373,"CARRER COMTE D'URGELL, 143 08036 BARCELONA (BARCELONA)",4.5
THE VALLEY,,900816923,"AVENIDA ALCALDE JOSE RAMIREZ BETHENCOURT, 17 35004 LAS PALMAS DE GRAN CANARIA (LAS PALMAS)",4.0
THE VALLEY BARCELONA,,934637114,"CARRER CONSELL DE CENT, 373 2 1 08009 BARCELONA (BARCELONA)",4.0
ESIC BARCELONA,,934144444,"CARRER DE SANTALÓ, 36 08021 BARCELONA (BARCELONA)",4.0
ESDEN BILBAO,,944354930,HENAO 30 A 48009 BILBO (BIZKAIA),4.0
ESIC VALENCIA,,963614811,"AV. DE BLASCO IBÁÑEZ, 55 46021 VALENCIA (VALENCIA)",4.0
IM,Info@internacionaldemarketing.com,911593433,CALLE CALERUEGA 79 PLANTA 1 28033 MADRID (MADRID),4.0
ISED,,902234567,"AVINGUDA DIAGONAL, 404 ENT W 08037 BARCELONA (BARCELONA)",4.0
ICEMD,Info.madrid@esic.es,913515094,"CAMINO DE VALDENIGRALES, S/N 28223 POZUELO DE ALARCON (MADRID)",4.0
BINARYBOX STUDIOS,Contacto@binaryboxstudios.com,942760137,C/ JUAN XXIII 1 BAJO 39001 SANTANDER (CANTABRIA),4.0
"INVESTIGACION, MARKETING E INFORMATICA, S.L.",,,"PASEO IMPERIAL, 12 BJ 28005 MADRID (MADRID)",3.0
CYBERCLICK,Info@cyberclick.es,935088234,"LUGAR MOLL DE BARCELONA, S-N 2 08039 BARCELONA (BARCELONA)",4.5
ARTIDI,,933091554,"CARRER LLACUNA, 50 08005 BARCELONA (BARCELONA)",4.5
ESIC BILBAO - CAMARA BILBAO,,944702486,"ALAMEDA DE RECALDE, 50, 48008 BILBO (VIZCAYA)",4.5
ESIC EXECUTIVE,,917444040,"CALLE DE ARTURO SORIA, 161 28043 MADRID (MADRID)",4.5
ESIC SEVILLA,,954460003,"AVENIDA CARLOS III, S/N, ISLA DE LA CARTUJA, 41092 SEVILLA (SEVILLA)",4.5
ECOMMASTER,Info@ecommaster.es,966651891,ALICANTE (),4.5
MAÏDER TOMESANA,Info@maidertomasena.com,,PLENTZIA (),4.5
ESDEN MADRID,,902455655,"PONZANO, 87 28003 MADRID (MADRID)",4.5
IM,Info@internacionaldemarketing.com,931593373,"CARRER COMTE D'URGELL, 143 08036 BARCELONA (BARCELONA)",4.5
THE VALLEY,,900816923,"AVENIDA ALCALDE JOSE RAMIREZ BETHENCOURT, 17 35004 LAS PALMAS DE GRAN CANARIA (LAS PALMAS)",4.0
THE VALLEY BARCELONA,,934637114,"CARRER CONSELL DE CENT, 373 2 1 08009 BARCELONA (BARCELONA)",4.0
ESIC BARCELONA,,934144444,"CARRER DE SANTALÓ, 36 08021 BARCELONA (BARCELONA)",4.0
ESDEN BILBAO,,944354930,HENAO 30 A 48009 BILBO (BIZKAIA),4.0
ESIC VALENCIA,,963614811,"AV. DE BLASCO IBÁÑEZ, 55 46021 VALENCIA (VALENCIA)",4.0
IM,Info@internacionaldemarketing.com,911593433,CALLE CALERUEGA 79 PLANTA 1 28033 MADRID (MADRID),4.0
ISED,,902234567,"AVINGUDA DIAGONAL, 404 ENT W 08037 BARCELONA (BARCELONA)",4.0
ICEMD,Info.madrid@esic.es,913515094,"CAMINO DE VALDENIGRALES, S/N 28223 POZUELO DE ALARCON (MADRID)",4.0
BINARYBOX STUDIOS,Contacto@binaryboxstudios.com,942760137,C/ JUAN XXIII 1 BAJO 39001 SANTANDER (CANTABRIA),4.0
"INVESTIGACION, MARKETING E INFORMATICA, S.L.",,,"PASEO IMPERIAL, 12 BJ 28005 MADRID (MADRID)",3.0
